{"stats":{"minecraft:dropped":{"alexsmobs:flying_fish":1},"minecraft:custom":{"minecraft:jump":79,"minecraft:time_since_rest":66278,"minecraft:damage_dealt":54,"minecraft:crouch_one_cm":2490,"minecraft:leave_game":2,"minecraft:sprint_one_cm":79730,"minecraft:play_time":66278,"minecraft:time_since_death":66278,"minecraft:walk_on_water_one_cm":2752,"minecraft:walk_one_cm":64198,"minecraft:sneak_time":725,"minecraft:total_world_time":66278,"minecraft:walk_under_water_one_cm":387,"minecraft:interact_with_anvil":1,"minecraft:drop":1,"minecraft:fly_one_cm":233477},"minecraft:used":{"minecraft:anvil":1,"minecraft:cat_spawn_egg":5},"minecraft:picked_up":{"minecraft:mutton":4,"minecraft:white_wool":2,"alexsmobs:flying_fish":2}},"DataVersion":2975}