{"stats":{"minecraft:picked_up":{"minecraft:dark_oak_sapling":2,"minecraft:stick":12,"minecraft:leather":2,"minecraft:golden_leggings":1,"doggytalents:rice_grains":1,"paraglider:spirit_orb":1,"minecraft:golden_sword":1,"minecraft:dark_oak_log":6,"minecraft:item_frame":1,"hexerei:sage_seed":1,"minecraft:leather_boots":1,"minecraft:armor_stand":1,"minecraft:white_carpet":2,"minecraft:beef":1,"minecraft:pink_tulip":1,"minecraft:iron_sword":1,"minecraft:skeleton_skull":1,"minecraft:mutton":4,"irons_spellbooks:inscription_table":2,"alexsmobs:flying_fish":2,"minecraft:white_wool":2},"minecraft:killed_by":{"creeperoverhaul:spruce_creeper":1,"majruszsdifficulty:cursed_armor":2,"minecraft:drowned":2,"alexsmobs:tiger":3},"minecraft:dropped":{"irons_spellbooks:scroll":1,"minecraft:anvil":1,"hexerei:sage_seed":1,"minecraft:mutton":4,"minecraft:dark_oak_sapling":2,"alexsmobs:flying_fish":2,"minecraft:cat_spawn_egg":1,"doggytalents:rice_grains":1,"minecraft:name_tag":1,"minecraft:white_wool":2},"minecraft:killed":{"alexsmobs:tiger":1},"minecraft:custom":{"minecraft:time_since_rest":8496,"lootr:looted_stat":5,"minecraft:sprint_one_cm":380164,"minecraft:damage_taken":2018,"minecraft:walk_one_cm":851896,"minecraft:mob_kills":2,"minecraft:interact_with_anvil":1,"minecraft:drop":15,"minecraft:damage_dealt":743,"minecraft:fly_one_cm":346046,"minecraft:open_chest":3,"minecraft:crouch_one_cm":3541,"minecraft:play_time":134346,"minecraft:deaths":8,"minecraft:sneak_time":1521,"minecraft:walk_under_water_one_cm":1473,"minecraft:damage_dealt_resisted":104,"minecraft:jump":705,"minecraft:leave_game":3,"minecraft:time_since_death":8451,"minecraft:walk_on_water_one_cm":16028,"minecraft:sleep_in_bed":2,"minecraft:climb_one_cm":12637,"minecraft:total_world_time":134346,"minecraft:fall_one_cm":5295},"minecraft:mined":{"treechop:chopped_log":1,"minecraft:grass":4,"minecraft:pink_tulip":1,"irons_spellbooks:inscription_table":2},"minecraft:used":{"irons_spellbooks:inscription_table":1,"minecraft:pink_tulip":1,"minecraft:dark_oak_log":3,"minecraft:bread":6,"minecraft:cat_spawn_egg":5,"minecraft:rabbit_stew":2,"minecraft:anvil":1,"epicfight:uchigatana":16}},"DataVersion":2975}