{"stats":{"minecraft:picked_up":{"irons_spellbooks:scroll":1,"minecraft:birch_log":10,"minecraft:dark_oak_sapling":3,"minecraft:brown_wool":1,"minecraft:dandelion":1,"untamedwilds:flora_bush_temperate":2,"doggytalents:rice_grains":1,"minecraft:dirt":4,"hexerei:sage_seed":2,"minecraft:white_carpet":2,"irons_spellbooks:iron_spell_book":1,"minecraft:iron_helmet":1,"minecraft:pink_tulip":1,"minecraft:light_gray_wool":2,"minecraft:birch_sapling":1,"minecraft:mutton":3},"minecraft:killed_by":{"majruszsdifficulty:cursed_armor":3,"minecraft:drowned":1,"alexsmobs:tiger":3},"minecraft:dropped":{"irons_spellbooks:scroll":1,"hexerei:sage_seed":2},"minecraft:killed":{"minecraft:sheep":3},"minecraft:custom":{"minecraft:time_since_rest":2940,"champions:champion_mobs_killed":1,"lootr:looted_stat":2,"minecraft:sprint_one_cm":249724,"minecraft:damage_taken":2369,"minecraft:walk_one_cm":286877,"minecraft:mob_kills":4,"minecraft:drop":3,"minecraft:damage_dealt":1063,"minecraft:swim_one_cm":14657,"minecraft:fly_one_cm":147744,"minecraft:open_barrel":1,"minecraft:open_chest":5,"minecraft:crouch_one_cm":12652,"minecraft:play_time":55615,"minecraft:deaths":7,"minecraft:sneak_time":2051,"minecraft:walk_under_water_one_cm":26370,"minecraft:damage_dealt_resisted":200,"minecraft:jump":610,"minecraft:leave_game":1,"minecraft:walk_on_water_one_cm":22507,"minecraft:time_since_death":2908,"minecraft:climb_one_cm":13096,"minecraft:total_world_time":55615,"minecraft:fall_one_cm":7419},"minecraft:mined":{"treechop:chopped_log":1,"minecraft:grass":5,"minecraft:grass_block":3,"minecraft:dirt":1,"minecraft:pink_tulip":1,"minecraft:fern":1},"minecraft:used":{"minecraft:bread":6,"epicfight:stone_greatsword":29,"untamedwilds:flora_bush_temperate":2}},"DataVersion":2975}