{"stats":{"minecraft:picked_up":{"irons_spellbooks:scroll":1,"minecraft:dark_oak_sapling":3,"minecraft:stick":2,"minecraft:allium":2,"minecraft:turtle_helmet":1,"minecraft:dandelion":1,"untamedwilds:flora_bush_temperate":3,"minecraft:porkchop":1,"minecraft:flint":2,"magistuarmory:chainmail_horse_armor":1,"minecraft:trident":1,"minecraft:dark_oak_log":15,"minecraft:dirt":4,"hexerei:sage_seed":3,"minecraft:apple":1,"minecraft:beetroot_seeds":1,"farmersdelight:onion":1,"minecraft:jungle_sapling":1,"pineapple_delight:pineapple_crop":7,"minecraft:coal_block":3,"minecraft:iron_sword":1,"minecraft:cobblestone":2,"minecraft:leather_chestplate":1},"minecraft:killed_by":{"majruszsdifficulty:cursed_armor":3,"minecraft:drowned":1,"alexsmobs:tiger":2},"minecraft:crafted":{"minecraft:crafting_table":1,"minecraft:stick":4,"minecraft:wooden_pickaxe":1,"minecraft:wooden_axe":1,"minecraft:air":60},"minecraft:dropped":{"hexerei:sage_seed":1,"minecraft:iron_helmet":1,"irons_spellbooks:iron_spell_book":1},"minecraft:killed":{"bloodandmadness:silverbeast":1,"alexsmobs:tiger":2,"minecraft:drowned":1,"majruszsdifficulty:cursed_armor":1},"minecraft:custom":{"champions:champion_mobs_killed":2,"minecraft:time_since_rest":12075,"lootr:looted_stat":3,"minecraft:sprint_one_cm":39278,"minecraft:damage_taken":1819,"minecraft:walk_one_cm":610956,"minecraft:mob_kills":2,"minecraft:drop":3,"minecraft:damage_dealt":128,"minecraft:talked_to_villager":1,"minecraft:swim_one_cm":22912,"minecraft:interact_with_crafting_table":3,"minecraft:fly_one_cm":36436,"minecraft:open_barrel":4,"minecraft:open_chest":8,"minecraft:crouch_one_cm":447,"minecraft:play_time":66282,"minecraft:deaths":6,"minecraft:sneak_time":391,"minecraft:walk_under_water_one_cm":10740,"minecraft:damage_dealt_resisted":330,"minecraft:jump":820,"minecraft:leave_game":1,"minecraft:walk_on_water_one_cm":16997,"minecraft:time_since_death":11658,"minecraft:climb_one_cm":5202,"minecraft:total_world_time":66282,"minecraft:fall_one_cm":6034},"minecraft:mined":{"farmersdelight:wild_onions":1,"minecraft:white_carpet":4,"treechop:chopped_log":2,"untamedwilds:flora_bush_temperate":5,"minecraft:grass_block":2,"pineapple_delight:pineapple_wild_crop":7,"minecraft:dirt":7,"minecraft:coal_block":3,"minecraft:stone":2,"immersive_weathering:dark_oak_leaf_pile":6},"minecraft:used":{"minecraft:wooden_axe":3,"minecraft:dark_oak_planks":12,"minecraft:trident":1,"minecraft:bread":3,"minecraft:wooden_pickaxe":14,"minecraft:dirt":4,"minecraft:crafting_table":1,"untamedwilds:flora_bush_temperate":1}},"DataVersion":2975}